Temperature,Model,Cue,Words,Count,sbert_novelty,sbert_appropriateness,sbert_valid_count,fasttext_novelty,fasttext_appropriateness,fasttext_valid_count,glove_novelty,glove_appropriateness,glove_valid_count,bert_l3_novelty,bert_l3_appropriateness,bert_l4_novelty,bert_l4_appropriateness,bert_l5_novelty,bert_l5_appropriateness,bert_l6_novelty,bert_l6_appropriateness,bert_l7_novelty,bert_l7_appropriateness,bert_l8_novelty,bert_l8_appropriateness,bert_l9_novelty,bert_l9_appropriateness,bert_lavg_novelty,bert_lavg_appropriateness,bert_valid_count
Mid,annotator1,outset,"['start', 'movie', 'beginning', 'business', 'project', 'origin', 'creation', 'baby', 'birth', 'departure']",10,60.65446853637695,126.77490234375,10,78.26647186279297,125.92967987060547,10,68.1025619506836,126.84263610839844,10,19.93692970275879,183.62958526611328,17.511281967163086,184.37042236328125,17.109315872192383,183.77299118041992,16.415573120117188,183.02490425109863,19.419662475585938,179.0895538330078,18.99091148376465,179.809907913208,22.100202560424805,175.86338806152344,15.935961723327637,184.50213241577148,10
Mid,annotator1,commission,"['art', 'design', 'artist', 'architecture', 'building', 'money', 'individual', 'online', 'order', 'special']",10,60.91840362548828,129.24352264404297,10,73.59032440185547,121.35733032226562,10,64.29808807373047,128.8319091796875,10,19.521244049072266,179.2191219329834,17.48141098022461,181.45427322387695,15.93874740600586,181.3410129547119,14.993368148803711,182.2675838470459,16.774198532104492,179.65158081054688,16.639986038208008,179.38860893249512,20.912330627441406,176.05447387695312,14.740462303161621,182.75903511047363,10
Mid,annotator1,operand,"['plus', 'minus', 'math', 'arithmetic', 'division', 'multiplication', 'programming', 'formula', 'school', 'blackboard']",10,62.756080627441406,131.93839263916016,10,70.4183578491211,123.04332733154297,10,69.7152099609375,120.64549255371094,10,22.665987014770508,167.3740119934082,20.024526596069336,171.88275146484375,18.887861251831055,173.40381813049316,17.764360427856445,176.27188873291016,20.651145935058594,175.31113243103027,19.654151916503906,176.87351989746094,22.916391372680664,174.46658897399902,17.38739776611328,177.2506809234619,10
Mid,annotator1,dividend,"['bank', 'interest', 'money', 'division', 'rest', 'leftover', 'benefit', 'gain', 'account', 'savings']",10,69.9003677368164,126.67241668701172,10,79.49681854248047,118.68998718261719,10,67.44589233398438,127.59725189208984,10,24.928028106689453,166.46220016479492,22.49741554260254,170.44951629638672,22.329484939575195,170.97299194335938,21.06812286376953,173.19336891174316,23.950286865234375,170.6067295074463,22.669614791870117,171.60709190368652,25.573137283325195,169.26626205444336,20.04999351501465,173.63488006591797,10
Mid,annotator1,beam,"['light', 'sun', 'laser', 'search', 'aliens', 'ufo', 'glitter', 'lake', 'saber', 'sky']",10,67.47334289550781,133.33336639404297,10,78.79510498046875,128.00542449951172,10,76.75613403320312,130.55545043945312,10,20.36370277404785,180.92269706726074,16.815317153930664,184.40233898162842,16.256311416625977,185.50026893615723,15.708205223083496,186.8805332183838,17.78675651550293,184.87785148620605,17.018266677856445,185.44367694854736,19.340349197387695,184.09878730773926,14.938910484313965,186.88076877593994,10
Mid,annotator1,release,"['freedom', 'music', 'prison', 'catch', 'cage', 'captivity', 'data', 'leash', 'album', 'roaming']",10,67.0259780883789,133.7578125,9,82.95677947998047,121.30543518066406,9,79.5009765625,122.40742492675781,9,22.13136863708496,179.53372383117676,18.986576080322266,182.48605346679688,18.412681579589844,182.77385902404785,17.9538516998291,183.52164840698242,21.489933013916016,180.6982765197754,21.85516357421875,180.91545295715332,26.24306297302246,177.1313705444336,17.497026443481445,184.0869026184082,9
Mid,annotator1,termination,"['job', 'work', 'occupation', 'removal', 'end', 'force', 'sad', 'action', 'decision', 'quitting']",10,66.66642761230469,133.7354965209961,9,80.41060638427734,122.32734680175781,9,66.25618743896484,124.63944244384766,9,20.942787170410156,182.25019073486328,18.964622497558594,183.6814842224121,18.152379989624023,183.93768119812012,17.466121673583984,184.43209838867188,21.060569763183594,181.9167366027832,20.83454132080078,182.3426399230957,23.478933334350586,180.59867477416992,16.953571319580078,185.383282661438,9
Mid,annotator1,ship,"['water', 'sea', 'sail', 'row', 'cruise', 'sailor', 'captain', 'course', 'travel', 'ocean']",10,58.204227447509766,147.6249771118164,10,70.79888916015625,139.54082870483398,10,64.9942626953125,142.72710800170898,10,22.069440841674805,181.24816513061523,19.557445526123047,183.47028732299805,19.33891487121582,184.416672706604,18.70148277282715,184.5777826309204,21.634756088256836,181.61346244812012,20.696918487548828,183.09177589416504,24.959022521972656,180.2037582397461,18.168867111206055,185.19181060791016,10
Mid,annotator1,crown,"['bearer', 'queen', 'palace', 'museum', 'gold', 'jewel', 'head', 'hair', 'round', 'leader']",10,67.63251495361328,139.29616165161133,10,77.28189849853516,135.7904510498047,10,73.42362213134766,139.20061111450195,10,22.52595329284668,179.3487777709961,19.64015007019043,182.1968479156494,19.181596755981445,183.66983222961426,18.13677406311035,185.11701774597168,19.88905143737793,184.09046363830566,18.836095809936523,185.29686164855957,22.142332077026367,183.09551429748535,17.01538848876953,186.108793258667,10
Mid,annotator1,soil,"['earth', 'dirt', 'plant', 'growth', 'flower', 'seeds', 'diapers', 'pants', 'garden', 'bag']",10,63.103057861328125,141.17420959472656,10,77.24388885498047,134.6204071044922,10,71.12407684326172,142.11680221557617,10,23.6593017578125,181.50267791748047,20.586896896362305,184.27734375,21.327157974243164,185.03099822998047,20.505250930786133,185.7523488998413,23.668670654296875,182.38361167907715,23.15438461303711,183.18392753601074,27.217145919799805,181.0500431060791,19.857553482055664,185.65128898620605,10
Mid,annotator13,ruin,"['buildings', 'mountains', 'rebirth', 'destruction', 'decay', 'collapse', 'remains', 'loss', 'damage', 'failure']",10,67.0325927734375,135.51465606689453,10,76.22383880615234,129.31035614013672,10,68.40771484375,138.08249282836914,10,16.623050689697266,183.58311653137207,14.354856491088867,186.07250308990479,13.410722732543945,187.0862455368042,12.63573932647705,187.57719802856445,15.881048202514648,184.96606349945068,16.175474166870117,185.25467205047607,19.581729888916016,182.981595993042,12.832784652709961,188.13763904571533,10
Mid,annotator13,permission,"['consent', 'contract', 'duty', 'approval', 'access', 'right', 'allowance', 'authority', 'agreement', 'freedom']",10,66.57683563232422,139.6312370300293,10,79.90624237060547,131.55186462402344,10,68.1883544921875,140.0447235107422,10,21.125551223754883,182.99509048461914,18.136981964111328,185.1131591796875,16.89687156677246,186.655611038208,15.56999397277832,187.93474578857422,19.258298873901367,185.09249877929688,18.349834442138672,185.79000568389893,20.165794372558594,184.65217685699463,15.814311981201172,187.66563034057617,10
Mid,annotator13,retreat,"['yoga', 'holiday', 'relaxation', 'community', 'addiction', 'privilege', 'meditation', 'escape', 'silence', 'shelter']",10,71.04827880859375,134.52725982666016,10,77.44956970214844,130.3746337890625,10,70.14092254638672,138.24552154541016,10,19.95459747314453,180.6882209777832,16.997947692871094,183.87545204162598,16.265769958496094,183.3384780883789,15.232460021972656,183.9915714263916,17.141939163208008,181.50921821594238,15.848038673400879,183.09843063354492,18.076467514038086,180.35850143432617,14.570257186889648,184.96468353271484,10
Mid,annotator13,mass,"['people', 'pride', 'cosmos', 'accumulation', 'crowd', 'weight', 'quantity', 'matter', 'size', 'bulk']",10,70.87678527832031,139.27996826171875,10,85.02650451660156,124.26139831542969,10,77.98245239257812,135.50564575195312,10,19.769733428955078,179.73972702026367,17.29819679260254,182.0556812286377,16.112998962402344,183.8407974243164,14.746743202209473,185.4349880218506,18.00557518005371,182.92164039611816,17.149614334106445,183.5060214996338,20.248218536376953,180.99079132080078,14.746443748474121,185.13624668121338,10
Mid,annotator13,gossip,"['human', 'insecurity', 'behavior', 'girls', 'sin', 'fun', 'rumor', 'talk', 'secret', 'reputation']",10,72.43246459960938,132.86060333251953,10,85.42863464355469,123.59629821777344,10,76.61654663085938,128.14305114746094,10,27.269140243530273,177.20706748962402,23.753664016723633,181.4316749572754,23.970643997192383,182.04752349853516,22.611133575439453,183.8113956451416,26.344972610473633,181.46287727355957,26.79303550720215,180.73101425170898,30.17650604248047,178.03164291381836,22.30837631225586,183.6814670562744,10
Mid,annotator13,commitment,"['discipline', 'time', 'relationship', 'investment', 'marriage', 'friendship', 'issues', 'disappointment', 'mutuality', 'responsibility']",10,66.79571533203125,140.35698699951172,10,75.91385650634766,131.76273345947266,10,62.39765930175781,144.00954818725586,10,18.385391235351562,184.15593338012695,16.226768493652344,185.67718124389648,15.147736549377441,186.22107696533203,13.91112995147705,187.8058681488037,16.227474212646484,185.27060317993164,15.976205825805664,186.36596202850342,19.082996368408203,184.2711181640625,13.99517822265625,187.72093677520752,10
Mid,annotator13,prayer,"['religion', 'respect', 'hope', 'community', 'support', 'belief', 'faith', 'trust', 'gratitude', 'comfort']",10,59.029815673828125,143.19680404663086,10,68.4783935546875,128.1094741821289,10,52.10102844238281,142.10869598388672,10,19.02707862854004,180.46378135681152,17.077251434326172,182.5405158996582,17.537668228149414,182.7936725616455,16.768962860107422,183.88944053649902,20.42158317565918,181.91085624694824,19.175569534301758,183.131685256958,22.746368408203125,179.9984073638916,16.088720321655273,184.56041049957275,10
Mid,annotator13,taste,"['tongue', 'food', 'fashion', 'individuality', 'sense', 'flavor', 'preference', 'sweetness', 'bitterness', 'appetite']",10,66.40477752685547,149.99008178710938,10,77.6419677734375,140.03271484375,10,69.44629669189453,148.56439971923828,10,23.028165817260742,180.3190460205078,19.57017707824707,182.13882064819336,19.825435638427734,181.9905014038086,17.95366096496582,183.6709976196289,19.525367736816406,180.28904342651367,18.239490509033203,179.4956760406494,20.290691375732422,174.2777042388916,16.853111267089844,183.89372634887695,10
Mid,annotator13,score,"['football', 'exams', 'ranking', 'happiness', 'disappointment', 'result', 'number', 'grade', 'point', 'outcome']",10,68.6076431274414,141.4109878540039,10,84.85199737548828,122.64053344726562,10,74.28876495361328,131.99073791503906,10,19.966371536254883,178.17029571533203,18.09311294555664,180.5657958984375,18.460674285888672,180.0790786743164,18.071826934814453,182.0767707824707,21.993139266967773,178.34698486328125,22.09418487548828,178.83467292785645,27.338794708251953,174.33629035949707,17.510629653930664,181.99873161315918,10
Mid,annotator13,welfare,"['peace', 'money', 'luxury', 'purpose', 'state', 'obligation', 'poverty', 'man', 'stereotype', 'success']",10,65.44127655029297,141.0898208618164,10,82.74183654785156,129.41535186767578,10,67.36341094970703,140.62956619262695,10,20.86568832397461,181.9226894378662,17.876970291137695,184.1083688735962,17.407251358032227,184.98010921478271,16.28404426574707,185.31408596038818,18.62110710144043,182.9349308013916,17.77412223815918,184.11648559570312,19.782499313354492,181.5656566619873,15.892939567565918,185.73512744903564,10
Mid,annotator14,lecture,"['professor', 'literature', 'talk', 'reprimand', 'theatre', 'presentation', 'performance', 'notes', 'concentration', 'slides']",10,72.33187103271484,136.81766510009766,10,81.06446838378906,134.91110229492188,10,76.57132720947266,140.61502075195312,10,26.607147216796875,178.0440158843994,24.076847076416016,180.60313034057617,25.10494041442871,181.10893058776855,23.480026245117188,181.81863594055176,25.577281951904297,180.48423767089844,24.758577346801758,180.83405113220215,28.826635360717773,177.2558536529541,22.379776000976562,182.7730827331543,10
Mid,annotator14,plaster,"['mould', 'clay', 'wall', 'brick', 'cast', 'lime', 'cement', 'water', 'platter', 'mixer']",10,67.29546356201172,137.28080368041992,10,69.20951843261719,145.8203125,10,63.517879486083984,150.96258544921875,10,24.437725067138672,181.11080741882324,20.75042724609375,183.72982597351074,19.850862503051758,183.76996040344238,19.123876571655273,185.2405071258545,22.11845588684082,182.7237606048584,21.41358184814453,183.31990242004395,24.676145553588867,180.46604347229004,18.64124870300293,185.74183750152588,10
Mid,annotator14,conviction,"['trial', 'decision', 'guilt', 'case', 'criminal', 'belief', 'verdict', 'persuasion', 'argument', 'suspect']",10,59.192710876464844,148.47290420532227,10,71.31082916259766,143.30889129638672,10,56.61864471435547,154.79449462890625,10,18.119626998901367,183.49432945251465,15.813867568969727,185.79833793640137,15.192892074584961,186.55910682678223,14.97817325592041,186.37058448791504,17.71159553527832,184.0834035873413,16.749773025512695,185.160906791687,18.783382415771484,181.62618446350098,14.048748016357422,187.35282230377197,10
Mid,annotator14,cotton,"['ball', 'fluff', 'fabric', 'fibre', 'clothes', 'plant', 'fields', 'cultivation', 'water', 'labor']",10,67.99727630615234,139.77921676635742,10,80.23225402832031,133.71693420410156,10,77.4432601928711,137.6260108947754,10,24.551496505737305,181.11680030822754,21.014602661132812,183.87986183166504,20.617115020751953,184.26000785827637,18.970151901245117,185.25389099121094,20.854000091552734,183.2508945465088,19.84504508972168,184.11450862884521,22.866634368896484,181.63324356079102,18.59166145324707,185.8359785079956,10
Mid,annotator14,summary,"['text', 'heads-up', 'shortening', 'wordcount', 'article', 'comprehension', 'compact', 'explanation', 'points', 'document']",10,77.33570861816406,131.52286529541016,10,84.61317443847656,126.88026428222656,10,88.29150390625,123.4440689086914,10,32.39972686767578,172.57599258422852,29.166418075561523,175.57031440734863,30.678138732910156,175.11718368530273,29.018051147460938,175.7017707824707,33.0872688293457,172.18283462524414,32.52595520019531,172.30523490905762,35.53260803222656,168.99361610412598,27.696823120117188,176.76718521118164,10
Mid,annotator14,rice,"['grain', 'food', 'dinner', 'asia', 'field', 'terrace', 'water', 'sushi', 'wok', 'wedding']",10,68.92623138427734,141.84954833984375,10,81.81700897216797,131.606689453125,10,75.01251983642578,138.69778442382812,10,20.094467163085938,181.42211532592773,16.916454315185547,184.46965980529785,15.657160758972168,186.1482400894165,14.24072551727295,186.2098159790039,16.46931266784668,183.8560962677002,15.714329719543457,185.19446849822998,19.184457778930664,182.96380996704102,14.43673324584961,186.5573320388794,10
Mid,annotator14,trap,"['hole', 'fall', 'fool', 'surprise', 'shock', 'enclosure', 'catch', 'mouse', 'animal', 'prison']",10,72.08695220947266,135.58557891845703,10,81.49861907958984,130.5226058959961,10,70.06725311279297,137.00485229492188,10,21.768213272094727,180.06804275512695,18.462970733642578,183.97065544128418,18.34259796142578,184.45275115966797,17.056747436523438,186.2340259552002,20.425029754638672,183.4429759979248,19.72502326965332,184.80417728424072,21.722814559936523,184.13912963867188,16.59928321838379,186.19632148742676,10
Mid,annotator14,viola,"['violin', 'wood', 'curl', 'string', 'bridge', 'c-clef', 'bow', 'orchestra', 'quartet', 'music']",10,73.10740661621094,129.98487091064453,10,80.19178771972656,127.18950653076172,10,72.41570281982422,137.03636932373047,9,28.53022575378418,174.78502082824707,24.956256866455078,177.71374702453613,23.22323989868164,179.0200424194336,21.58099937438965,180.56781387329102,23.8853759765625,178.11116409301758,23.028162002563477,179.52840614318848,26.771465301513672,175.27014541625977,21.58495330810547,180.8439598083496,10
Mid,annotator14,muzzle,"['snout', 'dog', 'basket', 'bite', 'restriction', 'safety', 'danger', 'pipe', 'end', 'trigger']",10,69.03687286376953,135.0021514892578,10,82.75250244140625,127.35458374023438,10,76.61933898925781,126.85848236083984,10,19.716388702392578,181.19204902648926,16.869850158691406,182.59207725524902,16.271677017211914,182.22614669799805,15.692559242248535,183.9533977508545,19.199970245361328,181.2014446258545,18.116268157958984,182.3066349029541,20.41023826599121,180.43324661254883,15.24304485321045,184.89316844940186,10
Mid,annotator14,trigger,"['signal', 'lever', 'cause', 'reaction', 'stress', 'firearm', 'bullet', 'danger', 'trauma', 'switch']",10,69.28617095947266,136.67892837524414,10,81.84937286376953,135.91525268554688,10,73.3603515625,145.5125503540039,10,19.788002014160156,182.95707321166992,17.04024314880371,185.12406539916992,16.058061599731445,186.47449588775635,15.28209114074707,187.48953914642334,17.51602554321289,186.18822956085205,16.13545799255371,186.78798389434814,17.42153549194336,185.8617467880249,14.427481651306152,188.04211616516113,10
Mid,annotator15,phase,"['coffee', 'ball', 'crooked', 'keyboard', 'lamp', 'water', 'box', 'curtains', 'metal', 'lovely']",10,69.16658782958984,123.60569763183594,10,82.18565368652344,106.26786041259766,10,76.60455322265625,114.43658447265625,10,21.69737434387207,175.31009674072266,17.433504104614258,179.22734832763672,15.952290534973145,179.1023406982422,14.456820487976074,181.81497955322266,16.71726417541504,181.29069328308105,15.824858665466309,183.49394607543945,18.477210998535156,181.8518772125244,14.55178451538086,183.1290283203125,10
Mid,annotator15,guerrilla,"['grass', 'cup', 'cabbage', 'trashcan', 'google', 'scissors', 'lips', 'random', 'tip', 'planning']",10,72.13587951660156,123.41626739501953,9,85.89664459228516,109.09606170654297,9,79.97850799560547,106.20792388916016,9,23.32552146911621,180.7268524169922,19.193761825561523,183.08098220825195,18.418228149414062,183.3753662109375,17.45313835144043,183.82609176635742,20.112998962402344,178.05354690551758,18.554317474365234,179.26631355285645,21.66825294494629,176.34757614135742,17.172061920166016,184.26355457305908,9
Mid,annotator15,coordination,"['belly', 'song', 'pasta', 'pottery', 'wastebin', 'phone', 'pimple', 'toilet', 'earplugs', 'plastic']",10,73.72002410888672,122.31196594238281,10,86.89366912841797,105.85212707519531,10,89.99815368652344,102.98501586914062,10,27.77324867248535,177.17959594726562,23.461904525756836,180.7557888031006,21.740375518798828,182.64607048034668,19.786190032958984,184.1874942779541,22.627138137817383,182.01719665527344,21.771400451660156,182.7651882171631,24.7044677734375,180.15456581115723,19.699951171875,184.1700553894043,10
Mid,annotator15,stock,"['hair', 'internet', 'paper', 'anger', 'eyes']",5,,,5,,,5,,,5,,,,,,,,,,,,,,,,,5
Mid,annotator16,heel,"['foot', 'myth', 'pain', 'shoe', 'dress', 'model', 'skirt', 'gala', 'uncomfort', 'boot']",10,66.6373291015625,143.75867080688477,10,79.9052734375,130.7206573486328,10,72.9017562866211,137.4779510498047,10,19.707155227661133,180.3887767791748,15.7962007522583,185.19422245025635,14.807806968688965,186.3742380142212,13.819067001342773,187.10737419128418,15.633463859558105,185.34681510925293,15.373377799987793,185.69857597351074,17.640281677246094,184.04687690734863,13.342589378356934,187.09522438049316,10
Mid,annotator16,circulation,"['wind', 'car', 'traffic', 'airconditioning', 'blood', 'vein', 'energy', 'heart', 'health', 'atmosphere']",10,66.79705047607422,135.24819946289062,9,81.20257568359375,121.3469467163086,9,73.13421630859375,127.9677963256836,9,20.833852767944336,180.25450706481934,16.971996307373047,184.0266628265381,14.5770263671875,185.97067260742188,14.183351516723633,186.63372230529785,17.92563247680664,183.55633354187012,17.589265823364258,183.65239715576172,20.667766571044922,181.51922225952148,14.820564270019531,186.2599220275879,9
Mid,annotator16,hut,"['wood', 'forest', 'fireplace', 'pot', 'tea', 'straw', 'safari', 'mountain', 'chalet', 'goblin']",10,66.55708312988281,132.08554077148438,10,76.7859878540039,131.1104736328125,10,71.24691772460938,132.61791229248047,10,20.31850814819336,179.60736465454102,16.359302520751953,183.4126682281494,15.499934196472168,184.73465633392334,14.553852081298828,185.33958053588867,16.391468048095703,183.89531707763672,15.578514099121094,183.95688438415527,16.891366958618164,182.24380111694336,13.892574310302734,186.018404006958,10
Mid,annotator16,situation,"['place', 'location', 'update', 'condition', 'circumstance', 'politics', 'relationship', 'holiday', 'housing', 'analysis']",10,67.4982681274414,146.33991241455078,10,81.46218872070312,132.83352661132812,10,71.79116821289062,146.90377044677734,10,18.55255889892578,184.8901777267456,16.105751037597656,186.8459644317627,16.07447624206543,187.53967475891113,16.80193328857422,187.5699167251587,21.28824806213379,184.35509395599365,21.084360122680664,184.96016311645508,25.260034561157227,181.89711570739746,16.172592163085938,187.73951721191406,10
Mid,annotator16,permission,"['license', 'alcohol', 'cigarette', 'car', 'sign', 'permit', 'approval', 'consent', 'question', 'parent']",10,64.49456787109375,129.6909637451172,10,77.26553344726562,128.3684844970703,10,68.79090881347656,133.47125244140625,10,20.112201690673828,182.51887702941895,17.498844146728516,184.9243564605713,16.86323356628418,186.39090251922607,15.220406532287598,187.91042518615723,17.3552303314209,185.4302854537964,16.736631393432617,185.7770118713379,20.14510726928711,183.61737632751465,15.000539779663086,187.47217464447021,10
Mid,annotator16,taste,"['food', 'clothes', 'music', 'interior', 'disgust', 'tongue', 'smell', 'flavor', 'men', 'women']",10,62.311012268066406,147.4884033203125,10,80.67134857177734,133.85906219482422,10,74.8653793334961,141.57816696166992,10,20.69806671142578,181.31647491455078,18.240699768066406,182.94708061218262,18.037322998046875,183.71886253356934,16.835222244262695,184.95895862579346,20.0927734375,180.72243690490723,20.212953567504883,179.77878761291504,24.37832260131836,173.60118293762207,16.539024353027344,184.80518627166748,10
Mid,annotator16,cotton,"['plant', 'plantation', 'flower', 'sweater', 'factory', 'labor', 'waste', 'slavery', 'clothes', 'material']",10,66.67255401611328,138.13154220581055,10,77.98822784423828,127.57025146484375,10,73.5045166015625,133.89972686767578,10,19.270191192626953,182.27667045593262,15.795543670654297,184.98817539215088,14.895846366882324,186.39967155456543,14.612977027893066,186.8582992553711,17.852821350097656,183.96417236328125,17.569307327270508,184.4387788772583,20.95357322692871,181.57646560668945,14.433547973632812,186.94367122650146,10
Mid,annotator16,trap,"['mouse', 'beer', 'rap', 'music', 'genre', 'catch', 'film', 'animal', 'rat', 'pain']",10,63.029449462890625,135.0614013671875,10,79.85179138183594,118.67586517333984,10,73.76506042480469,124.46058654785156,10,22.577796936035156,177.9497184753418,19.800722122192383,181.1771183013916,18.24527359008789,182.62762641906738,17.739728927612305,183.93383407592773,20.9478816986084,181.61307334899902,20.564786911010742,183.20553588867188,24.145109176635742,180.75994110107422,17.131959915161133,184.37541389465332,10
Mid,annotator16,viola,"['flower', 'instrument', 'string', 'concert', 'orchestra', 'music', 'elderly', 'plant', 'food', 'upperclass']",10,67.54783630371094,136.95525360107422,10,75.72132110595703,130.7295913696289,10,73.3577880859375,133.0457000732422,10,20.415220260620117,177.66575050354004,17.989978790283203,180.19732475280762,17.132291793823242,181.68567657470703,16.4491024017334,182.5017375946045,18.6989688873291,179.90016174316406,18.07508087158203,180.80558967590332,22.615537643432617,176.5399627685547,15.818245887756348,182.92963409423828,10
Mid,annotator16,disapproval,"['approval', 'emotion', 'expression', 'opinion', 'dislike', 'adultery', 'lie', 'disobedience', 'tolerance', 'judgement']",10,71.33602905273438,138.86526107788086,10,80.78981018066406,133.84387969970703,10,72.62271881103516,134.25823211669922,10,18.99261474609375,185.0223970413208,16.403881072998047,186.95873355865479,16.99441909790039,187.40747165679932,17.05054473876953,187.7920627593994,21.237165451049805,184.72284126281738,19.321704864501953,186.13974571228027,21.70655059814453,184.52995681762695,15.680703163146973,188.71562480926514,10
Mid,annotator2,norm,"['rule', 'distribution', 'individual', 'dynamics', 'habit', 'violation', 'law', 'abnormality', 'compliance', 'agreement']",10,74.21468353271484,125.8534927368164,10,80.16140747070312,125.27104949951172,10,68.51700592041016,135.8167724609375,10,21.754465103149414,178.67196655273438,19.92963981628418,180.6273956298828,19.07891082763672,182.13487434387207,18.036039352416992,183.2453556060791,20.45306396484375,181.08946228027344,19.660486221313477,181.39785766601562,24.040603637695312,177.06937408447266,17.11847686767578,183.413818359375,10
Mid,annotator2,road,"['sign', 'accident', 'rule', 'fine', 'surveillance', 'asphalt', 'journey', 'excitement', 'kill', 'direction']",10,74.76712799072266,139.13225555419922,10,90.34636688232422,125.93463134765625,10,80.33729553222656,135.74105072021484,10,21.66022300720215,179.66450691223145,18.16469383239746,182.0457248687744,18.09055519104004,183.23332595825195,17.54722785949707,183.88486289978027,20.86131477355957,179.68751335144043,20.617979049682617,177.78735160827637,24.092275619506836,174.6899929046631,16.798391342163086,183.246431350708,10
Mid,annotator2,prayer,"['religion', 'desperation', 'airport', 'isolation', 'immersion', 'speech', 'silence', 'bow', 'ritual', 'order']",10,73.84343719482422,133.55013275146484,10,81.41960906982422,124.59921264648438,10,76.5163803100586,132.31107330322266,10,20.162654876708984,180.1818141937256,16.886672973632812,183.1638412475586,16.35614776611328,184.1346607208252,16.001405715942383,185.24533367156982,20.469085693359375,182.16893005371094,20.982929229736328,182.85778999328613,26.91189956665039,179.16733360290527,16.335763931274414,184.94595432281494,10
Mid,annotator2,muzzle,"['protection', 'thief', 'canine', 'persecution', 'plastic', 'restriction', 'human', 'safety', 'freedom', 'ventilation']",10,70.42506408691406,128.3084487915039,10,83.92939758300781,119.20646667480469,10,79.07730865478516,117.43054962158203,10,18.231809616088867,181.34649848937988,15.396092414855957,182.86122512817383,14.17247200012207,183.16064262390137,13.475163459777832,184.67356395721436,15.730950355529785,182.36837768554688,15.840193748474121,182.5521240234375,18.376354217529297,180.2023525238037,13.15135669708252,185.27320766448975,10
Mid,annotator2,prosecution,"['court', 'fairness', 'document', 'procedure', 'innocence', 'suit', 'logic', 'dignity', 'defense', 'truth']",10,71.36790466308594,138.24027252197266,10,80.99945831298828,127.9232406616211,10,72.19337463378906,139.2362060546875,10,20.1800479888916,182.89817428588867,18.098922729492188,184.2862367630005,17.45857810974121,185.0842161178589,16.00570297241211,184.7357702255249,17.76372718811035,180.54821395874023,16.493297576904297,180.9045009613037,19.09585952758789,178.61763954162598,15.107268333435059,185.99882411956787,10
Mid,annotator2,dust,"['spring', 'sneeze', 'desert', 'mask', 'weather', 'opacity', 'particle', 'mixture', 'health', 'respiration']",10,76.15855407714844,135.99222564697266,10,85.97869873046875,125.5206527709961,10,81.99262237548828,132.4428482055664,10,31.92746353149414,172.68739128112793,27.767436981201172,177.3995361328125,28.207019805908203,178.78973197937012,26.623729705810547,180.07670783996582,29.098600387573242,177.08258628845215,27.864933013916016,177.80963325500488,30.186620712280273,176.1968231201172,25.68922996520996,179.86211013793945,10
Mid,annotator2,gratitude,"['attitude', 'resource', 'privilege', 'pray', 'recognition', 'satisfaction', 'degree', 'reward', 'positivity', 'gift']",10,74.95916748046875,134.66321563720703,10,82.1578140258789,130.90230560302734,10,71.72600555419922,138.63320922851562,10,20.068729400634766,182.01455688476562,17.842649459838867,184.06008338928223,18.048885345458984,184.02868843078613,16.916902542114258,184.78006267547607,19.40916633605957,182.25047492980957,18.762916564941406,182.55452156066895,22.191484451293945,179.57253074645996,16.15381622314453,185.2005853652954,10
Mid,annotator2,canvas,"['education', 'painter', 'wood', 'texture', 'white', 'hand', 'balance', 'tripod', 'observation', 'creation']",10,70.57225799560547,134.60626983642578,10,83.4849624633789,126.54939270019531,10,74.1636962890625,132.61663055419922,10,21.71007537841797,177.10945892333984,18.54833221435547,180.95966720581055,17.799922943115234,181.4039306640625,16.80162239074707,182.7170238494873,19.666269302368164,181.1135597229004,18.648168563842773,182.53471183776855,23.345869064331055,179.5705223083496,16.635591506958008,183.52336502075195,10
Mid,annotator2,trigger,"['gun', 'trauma', 'chain', 'cause', 'catastrophe', 'wound', 'crisis', 'emotion', 'reaction', 'escape']",10,64.99833679199219,130.77660369873047,10,79.02771759033203,126.90934753417969,10,70.0201416015625,136.85863494873047,10,19.210880279541016,182.24710083007812,16.60173225402832,184.62353515625,14.908519744873047,186.45796012878418,14.15981388092041,187.3816623687744,16.52454948425293,186.1074333190918,15.272085189819336,186.55974578857422,16.4916934967041,185.45075798034668,13.527115821838379,187.8375244140625,10
Mid,annotator2,rice,"['meal', 'culture', 'medicine', 'agriculture', 'gold', 'identity', 'vinegar', 'alcohol', 'body', 'glue']",10,69.61962127685547,136.11695098876953,10,82.39553833007812,127.47220611572266,10,78.3611831665039,132.03984832763672,10,18.713335037231445,181.23297309875488,15.892688751220703,184.31802082061768,15.09847354888916,186.45450592041016,15.216968536376953,186.6822509765625,19.028230667114258,184.1365442276001,19.246976852416992,184.82231330871582,23.357032775878906,182.3533058166504,15.049336433410645,186.70990657806396,10
Mid,annotator3,mess,"['clutter', 'dishes', 'room', 'disgusting', 'smelly', 'unorganized', 'dirty', 'unclean', 'roommates', 'clothes']",10,,,6,,,6,,,6,,,,,,,,,,,,,,,,,6
Mid,annotator3,lecture,"['professor', 'university', 'lecture', 'hall', 'screen', 'powerpoint', 'questions', 'answers', 'quiet', 'interesting']",10,70.88677215576172,145.40411758422852,9,77.30787658691406,143.39538955688477,9,71.3532943725586,147.13057708740234,9,25.299013137817383,180.9310646057129,21.48587417602539,183.61474800109863,20.794878005981445,184.42961883544922,20.650890350341797,184.82733535766602,24.01813316345215,182.90827178955078,23.796844482421875,183.14955139160156,26.85985565185547,180.9513168334961,19.913745880126953,185.50458431243896,9
Mid,annotator3,clerk,"['office', 'store', 'bills', 'files', 'papers', 'bookkeeper', 'person', 'writing', 'documents', 'calls']",10,68.93700408935547,139.82630920410156,10,78.251220703125,134.89424896240234,10,74.8236083984375,138.74332427978516,10,22.861562728881836,179.76459503173828,19.865869522094727,181.9583969116211,18.824195861816406,182.64630889892578,16.494115829467773,184.97542572021484,18.52759552001953,183.54009246826172,18.38764762878418,184.25207328796387,21.84754180908203,180.76808738708496,16.538190841674805,185.2005434036255,10
Mid,annotator3,scholar,"['study', 'expert', 'smart', 'knowledge', 'science', 'university', 'expertise', 'intelligent', 'school', 'learning']",10,57.28824234008789,144.8156967163086,10,73.55236053466797,130.80489349365234,10,58.07725143432617,135.96029663085938,10,18.661527633666992,182.43838691711426,16.099933624267578,184.82969856262207,15.718504905700684,184.62017822265625,15.700033187866211,184.93063926696777,19.218608856201172,182.09844970703125,18.782499313354492,183.1616916656494,22.641368865966797,179.6806526184082,15.237506866455078,185.9297866821289,10
Mid,annotator3,welfare,"['money', 'western', 'house', 'health', 'luck', 'expenses', 'family', 'studied', 'happy', 'competition']",10,68.59089660644531,135.67227172851562,8,81.87551879882812,126.2405014038086,8,68.32339477539062,136.2715301513672,8,21.112424850463867,181.25937461853027,18.318403244018555,183.24273872375488,17.32730484008789,183.9351921081543,16.484996795654297,184.29405879974365,18.72344970703125,181.28813934326172,18.769306182861328,181.5991497039795,21.69814109802246,178.60380172729492,16.13263511657715,184.62238121032715,8
Mid,annotator3,gossip,"['friends', 'girls', 'school', 'talks', 'arrogant', 'unkind', 'hypocritical', 'laughter', 'jealous', 'groups']",10,64.04287719726562,138.36863708496094,7,80.89781951904297,123.90408325195312,7,74.55328369140625,127.43492889404297,7,24.053903579711914,177.96047019958496,21.511184692382812,181.55642318725586,21.328889846801758,182.3326244354248,20.316211700439453,183.33843803405762,23.159698486328125,180.7284755706787,23.29521942138672,180.14787101745605,28.5454158782959,176.27265739440918,19.621253967285156,183.65059661865234,7
Mid,annotator3,limit,"['speed', 'boundaries', 'car', 'stop', 'break', 'full', 'sign', 'stress', 'line', 'threshold']",10,69.93650817871094,128.0932159423828,10,80.67549133300781,128.71723175048828,10,69.97714233398438,136.70886611938477,10,22.39972496032715,178.92342567443848,19.837812423706055,181.8346118927002,19.84042739868164,181.50241661071777,18.033496856689453,183.72476387023926,20.306488037109375,182.3792324066162,18.39633560180664,184.27862071990967,21.268474578857422,182.14648818969727,17.141345977783203,184.84800624847412,10
Mid,annotator3,propaganda,"['paper', 'communism', 'polarisation', 'flyers', 'convince', 'one-sided', 'censorship', 'filter', 'blinding', 'politics']",10,77.7744140625,128.32748413085938,9,86.88862609863281,130.68572235107422,9,85.09245300292969,132.81515502929688,9,22.273801803588867,180.4308853149414,19.258121490478516,182.6469211578369,19.151344299316406,183.3180046081543,19.039724349975586,184.21149730682373,22.48024559020996,180.97078132629395,21.736928939819336,181.91894149780273,24.695898056030273,179.38765716552734,18.05167579650879,184.75697803497314,9
Mid,annotator3,score,"['number', 'game', 'football', 'board', 'winner', 'loser', 'points', 'grade', 'price', 'pass']",10,62.815635681152344,141.43729782104492,10,80.64982604980469,125.1153564453125,10,72.13980865478516,135.24323272705078,10,22.873380661010742,177.37115669250488,21.510244369506836,179.72751998901367,21.598079681396484,179.22830200195312,20.677730560302734,181.1791820526123,23.99203872680664,177.9157257080078,24.69381332397461,179.19311141967773,31.829994201660156,174.08491325378418,20.36121940612793,181.38776969909668,10
Mid,annotator3,clay,"['sand', 'brown', 'pottery', 'soft', 'water', 'oven', 'ceramics', 'molding', 'glaze', 'break']",10,65.658935546875,143.16886138916016,9,72.76524353027344,142.33058166503906,9,68.46300506591797,145.89890670776367,9,21.75372886657715,179.8097743988037,18.73114776611328,182.71108627319336,18.12506103515625,182.9086685180664,17.364328384399414,183.00287628173828,19.595245361328125,179.5223331451416,19.150789260864258,180.0943145751953,22.94561195373535,175.37702560424805,16.94490623474121,183.68951606750488,9
Mid,annotator4,guerrilla,"['war', 'group', 'fight', 'organisation', 'soldier', 'comrade', 'mountain', 'barrack', 'weapon', 'law']",10,64.16490936279297,136.65460968017578,10,76.8716812133789,131.70496368408203,10,72.2707748413086,132.73319244384766,10,20.754405975341797,182.84771728515625,18.346330642700195,184.65367698669434,18.008705139160156,184.32746124267578,17.359071731567383,185.02205181121826,19.779817581176758,179.62616157531738,18.441625595092773,179.451171875,23.25527000427246,174.8995819091797,16.40481185913086,185.3092269897461,10
Mid,annotator4,coordination,"['game', 'dance', 'grammar', 'music', 'group', 'collaboration', 'job', 'movement', 'success', 'people']",10,63.217533111572266,138.25321197509766,10,81.01856994628906,121.81550598144531,10,74.40464782714844,123.76542663574219,10,22.28316307067871,180.24343299865723,19.251005172729492,183.59355926513672,18.586687088012695,184.92822647094727,17.21809959411621,185.7505750656128,19.171371459960938,183.42999649047852,18.480215072631836,183.33590698242188,22.221385955810547,179.4969825744629,16.6804141998291,185.68242931365967,10
Mid,annotator4,network,"['web', 'social', 'connection', 'tunnel', 'node', 'electricity', 'net', 'contact', 'colleague', 'road']",10,65.48983764648438,149.3257827758789,10,80.86660766601562,133.1652374267578,10,75.21439361572266,140.8014907836914,10,22.273019790649414,179.17161750793457,18.326974868774414,183.0228729248047,18.090660095214844,184.254412651062,16.93874168395996,185.8209524154663,20.06618881225586,183.67436027526855,18.825963973999023,184.77197742462158,21.522478103637695,181.92769050598145,16.4603328704834,185.82627964019775,10
Mid,annotator4,summary,"['piece', 'subset', 'view', 'excerpt', 'information', 'words', 'topic', 'fragment', 'perspective', 'part']",10,68.9289779663086,137.16723251342773,10,76.61811065673828,130.99059295654297,10,72.64651489257812,136.13034439086914,10,21.637266159057617,178.85638427734375,18.517051696777344,180.99236679077148,18.263336181640625,181.81843757629395,17.634885787963867,181.6953945159912,20.472244262695312,177.61187171936035,19.64777183532715,177.75764846801758,22.7409725189209,173.8373966217041,17.053211212158203,182.1719970703125,10
Mid,annotator4,saloon,"['house', 'western', 'door', 'building', 'bar', 'brown', 'drink', 'smoke', 'glass', 'people']",10,68.48436737060547,137.56012344360352,10,80.8848648071289,128.87355041503906,10,69.81354522705078,127.67041015625,10,21.08686637878418,180.24145126342773,18.65923500061035,181.34165954589844,18.19753646850586,181.2784194946289,17.18682861328125,182.7024974822998,19.501968383789062,180.2165985107422,18.977407455444336,180.1819190979004,22.116323471069336,176.29715728759766,16.413454055786133,183.30257034301758,10
Mid,annotator4,sensitivity,"['sense', 'pain', 'face', 'body', 'inadequacy', 'reaction', 'red', 'art', 'emotion', 'alergy']",10,67.03175354003906,126.7021255493164,10,78.93431854248047,125.90633392333984,10,67.87036895751953,132.4427719116211,10,28.517288208007812,177.27080535888672,24.495258331298828,180.7214298248291,24.21506118774414,180.7686367034912,23.18947410583496,181.7855682373047,25.451597213745117,179.32920837402344,24.611217498779297,179.92344284057617,27.628463745117188,176.5107536315918,22.59463882446289,182.31388664245605,10
Mid,annotator4,saint,"['death', 'patience', 'church', 'adoration', 'religion', 'icon', 'card', 'celebration', 'day', 'name']",10,68.7923355102539,125.45581817626953,10,85.25920104980469,128.73172760009766,10,76.01665496826172,131.7466049194336,10,25.235206604003906,175.46576690673828,22.82850456237793,178.01778984069824,23.75254249572754,177.26640701293945,22.95438003540039,178.06490898132324,26.611173629760742,175.63161087036133,25.77001953125,176.4590549468994,31.019920349121094,171.49164390563965,21.82372283935547,179.48587036132812,10
Mid,annotator4,subsection,"['part', 'cutting', 'document', 'words', 'reading', 'paragraph', 'title', 'paper', 'number', 'boldface']",10,64.20698547363281,124.2739028930664,10,78.79232788085938,123.14111328125,10,69.53567504882812,122.89620971679688,10,21.97494888305664,165.08197021484375,18.78354263305664,169.95790100097656,18.10988998413086,171.60313987731934,16.766469955444336,173.71498107910156,19.58521842956543,170.98585891723633,18.921016693115234,172.96319961547852,21.309154510498047,171.48742294311523,16.241086959838867,174.48850631713867,10
Mid,annotator4,plaster,"['material', 'white', 'sculpture', 'wall', 'blood', 'cut', 'dust', 'cast', 'wound', 'ceiling']",10,63.83559036254883,133.37017059326172,10,80.50016784667969,129.89434814453125,10,69.9786148071289,136.8497085571289,10,22.42399024963379,180.9962272644043,18.775476455688477,183.5426425933838,16.805233001708984,185.2401647567749,16.15118408203125,186.66685962677002,19.091402053833008,184.50671005249023,19.103918075561523,184.09156799316406,21.932781219482422,181.2862491607666,16.26236343383789,186.17340278625488,10
Mid,annotator4,ruin,"['stone', 'house', 'disaster', 'civilisation', 'remains', 'reputation', 'dust', 'poverty', 'castle', 'destruction']",10,69.84370422363281,128.39473724365234,10,85.5961685180664,126.35826110839844,10,74.25568389892578,137.3335838317871,10,23.943740844726562,180.13447761535645,20.041635513305664,183.51117324829102,18.96599006652832,184.99896812438965,18.277935028076172,185.80780792236328,21.64042091369629,183.5743865966797,21.19534683227539,184.029767036438,23.95263671875,182.04253387451172,18.020591735839844,186.2191915512085,10
Mid,annotator6,phase,"['timeframe', 'period', 'moment', 'puberty', 'transition', 'end']",6,,,6,,,6,,,6,,,,,,,,,,,,,,,,,6
Mid,annotator6,handful,"['finger', 'container', 'weight', 'chunk', 'trouble', 'effort']",6,,,6,,,6,,,6,,,,,,,,,,,,,,,,,6
Mid,annotator6,collector,"['fan', 'collection', 'painting', 'archive', 'quantity', 'rarities', 'auction', 'money', 'interest']",9,72.6209945678711,139.03025436401367,9,79.58765411376953,133.06112670898438,9,79.19705200195312,133.36882781982422,9,25.906518936157227,178.55011749267578,23.092567443847656,180.50092315673828,23.077116012573242,181.35799598693848,21.554105758666992,182.90821075439453,23.60369873046875,181.88851928710938,22.932422637939453,182.97990798950195,26.51114845275879,180.43239212036133,20.509206771850586,183.94356727600098,9
Mid,annotator6,necessity,"['important', 'essential']",2,,,1,,,1,,,1,,,,,,,,,,,,,,,,,1
Mid,annotator6,freshman,"['youngster', 'beginner', 'school', 'classmate', 'degree', 'test', 'pupil', 'subject', 'path']",9,71.03829193115234,140.32298278808594,9,76.75150299072266,130.52544403076172,9,72.97784423828125,133.18991088867188,9,25.894495010375977,177.63488578796387,23.244312286376953,180.43443870544434,22.70454978942871,182.03129768371582,21.52820587158203,182.5682315826416,23.530738830566406,181.13791465759277,23.0911808013916,181.94752502441406,27.555604934692383,178.73346710205078,20.444843292236328,183.5049533843994,9
Mid,annotator6,retreat,"['detox', 'villa', 'yoga', 'serenity', 'hermit', 'absence', 'period', 'community', 'quiet', 'quality']",10,78.37509155273438,131.4772491455078,10,81.6526870727539,131.00868225097656,10,79.96762084960938,135.3083724975586,10,30.077289581298828,175.5370273590088,26.414775848388672,179.00494194030762,26.561609268188477,178.1056613922119,24.747793197631836,179.60775756835938,26.45185089111328,178.02532768249512,26.135822296142578,178.88341331481934,30.035070419311523,175.55984687805176,24.044578552246094,180.72251510620117,10
Mid,annotator6,stock,"['bunch', 'lines', 'diagram', 'water', 'cube', 'spikes', 'flavour']",7,70.8094482421875,127.34983825683594,7,82.91891479492188,115.92513275146484,7,80.29298400878906,121.2052993774414,7,21.26692008972168,178.04184341430664,17.97865104675293,181.17754364013672,17.289819717407227,182.77356338500977,15.996453285217285,184.40624904632568,17.86868667602539,182.4499340057373,16.61443328857422,184.15683555603027,18.38528060913086,183.23303031921387,15.421192169189453,184.3863172531128,7
Mid,annotator6,automobile,"['road', 'metal', 'mirror', 'motor', 'factory', 'gaspedal', 'seats', 'airbag', 'carcrash', 'gasoline']",10,69.69828033447266,142.38478088378906,10,85.73406982421875,125.2873764038086,10,72.64825439453125,136.5261688232422,9,22.6936092376709,182.64005088806152,19.93813133239746,184.31356716156006,18.585643768310547,184.96081066131592,16.99043083190918,185.2371482849121,19.31191635131836,183.188138961792,19.489768981933594,182.94516563415527,23.552310943603516,179.22859954833984,16.995784759521484,185.76369762420654,10
Mid,annotator6,interaction,"['appointment', 'connection', 'touch', 'social', 'conversation', 'communication', 'voice', 'smooth', 'rigid']",9,67.09889221191406,139.2677001953125,8,75.18416595458984,134.88479614257812,8,64.68538665771484,137.62691497802734,8,20.723554611206055,183.02985954284668,16.722471237182617,186.2109203338623,16.30078125,186.61816310882568,15.130858421325684,187.07619190216064,17.363065719604492,184.80139923095703,15.735777854919434,185.57043266296387,18.060375213623047,183.65593910217285,14.251749038696289,188.0037088394165,8
Mid,annotator6,station,"['train', 'railsway', 'stop', 'platform', 'radio', 'infrastructure', 'travelguide', 'ticket', 'gas', 'building']",10,76.45169830322266,134.9078598022461,10,86.35012817382812,128.85446166992188,10,82.78482818603516,134.16659545898438,9,25.423871994018555,177.24566078186035,23.076221466064453,178.89303970336914,23.544870376586914,179.1107997894287,22.38878059387207,179.86099433898926,25.043949127197266,176.5648651123047,25.311279296875,175.0877342224121,30.21896743774414,170.1000156402588,21.547500610351562,180.30341720581055,10
Mid,annotator7,address,"['home', 'postcard', 'tram', 'maps', 'street', 'delivery', 'stamp', 'drive', 'mail', 'doorbell']",10,67.50712585449219,138.93323516845703,10,81.63518524169922,118.81689453125,10,79.10105895996094,126.63758087158203,10,24.93234634399414,176.0962085723877,21.583311080932617,179.85491561889648,20.46270751953125,180.47099113464355,19.605680465698242,182.4006519317627,22.317956924438477,180.75514221191406,21.962039947509766,182.09775161743164,25.473346710205078,179.67211723327637,19.507408142089844,183.17748069763184,10
Mid,annotator7,embodiment,"['movement', 'personify', 'method', 'artistic', 'feeling', 'tangible', 'connection', 'performance', 'expression', 'appearance']",10,72.4979476928711,126.08483123779297,8,80.91521453857422,120.02896881103516,8,77.83543395996094,128.47388458251953,8,22.38669776916504,160.27983856201172,19.134361267089844,163.88385772705078,18.45665740966797,164.4135971069336,16.79109764099121,168.51611709594727,18.302831649780273,165.80943298339844,16.867034912109375,167.31871795654297,18.11623191833496,165.27154159545898,15.884719848632812,168.06536102294922,8
Mid,annotator7,occupant,"['city', 'house', 'transit', 'owner', 'tenant', 'vehicle', 'position', 'possession', 'property', 'someone']",10,66.20791625976562,123.01238250732422,10,75.81076049804688,134.5545196533203,10,68.35712432861328,132.63735961914062,10,19.89235496520996,156.58827209472656,16.868141174316406,159.75184631347656,15.440546035766602,159.4326286315918,14.82256031036377,159.45796966552734,17.56956672668457,155.40725708007812,17.105045318603516,154.70657348632812,20.918378829956055,151.70563125610352,14.812888145446777,160.60237884521484,10
Mid,annotator7,dish,"['plate', 'dining', 'round', 'cutlery', 'recipe', 'oil', 'scoop', 'scrape', 'food', 'grey']",10,67.26807403564453,140.83464813232422,10,82.89954376220703,133.2348175048828,10,75.94310760498047,142.74019622802734,10,23.69382095336914,180.67150497436523,20.132640838623047,183.44467544555664,19.371248245239258,184.35754585266113,17.99724769592285,186.45790100097656,21.188432693481445,184.06279945373535,19.93075180053711,184.69936656951904,23.204730987548828,181.83642387390137,17.60991859436035,186.49590873718262,10
Mid,annotator7,conviction,"['opinion', 'jury', 'series', 'crime', 'belief', 'charge', 'court', 'guilt', 'defendant', 'law']",10,68.67217254638672,139.98848724365234,10,81.78480529785156,134.3042984008789,10,67.28199005126953,145.04423904418945,10,21.527997970581055,180.5201358795166,18.442272186279297,183.21599006652832,17.022756576538086,184.3075304031372,16.330554962158203,184.46539783477783,17.736248016357422,183.14349746704102,16.83380889892578,184.009446144104,19.822683334350586,179.78886032104492,15.53182315826416,185.42305660247803,10
Mid,annotator7,expectation,"['hope', 'mental', 'communication', 'fear', 'tarot', 'waiting', 'success', 'future', 'desire', 'agreement']",10,72.25029754638672,124.22412872314453,10,83.47733306884766,124.73677062988281,10,69.79118347167969,139.28752517700195,10,25.961679458618164,179.42207527160645,22.74711036682129,182.73414421081543,22.96281623840332,183.01216888427734,21.63311004638672,182.7779598236084,25.943241119384766,177.19330978393555,24.606019973754883,178.05038833618164,27.87533187866211,173.2004222869873,21.473785400390625,183.22559356689453,10
Mid,annotator7,whisky,"['drink', 'cocktail', 'glass', 'distilled', 'scotland', 'men', 'spirit', 'sour', 'strong', 'liquor']",10,67.90033721923828,144.69524765014648,8,82.4645004272461,133.9992218017578,8,74.0455322265625,135.08033752441406,8,22.484468460083008,179.986478805542,19.31980323791504,183.3241844177246,18.087486267089844,184.98752117156982,17.1323184967041,185.8751859664917,20.446813583374023,183.4348201751709,20.331708908081055,182.91382789611816,25.30609893798828,179.84516143798828,17.181407928466797,185.512939453125,8
Mid,annotator7,fidelity,"['faithful', 'friendship', 'unspokenness', 'loyalty', 'dog', 'marriage', 'facts', 'truth', 'duty', 'partner']",10,65.38892364501953,133.41249084472656,10,82.90079498291016,126.53055572509766,10,65.97628021240234,129.60426330566406,9,20.03410530090332,180.66108894348145,17.412246704101562,182.38462448120117,17.7078914642334,181.193696975708,17.19588851928711,183.09722709655762,19.996742248535156,180.26654052734375,19.37153434753418,181.23934173583984,23.420568466186523,177.14950561523438,16.482765197753906,183.32314109802246,10
Mid,annotator7,mistake,"['punishment', 'wrong', 'failure', 'learning', 'judgemental', 'experience', 'skills', 'exam', 'date', 'discussion']",10,68.56509399414062,134.94198608398438,10,80.06226348876953,126.0011215209961,10,69.71112060546875,139.916259765625,10,22.57732582092285,180.23127555847168,20.3432674407959,183.4075756072998,19.453166961669922,184.5881004333496,18.23250961303711,185.50481033325195,20.70102310180664,183.09871864318848,19.532196044921875,184.28327751159668,21.826324462890625,183.0795021057129,17.307819366455078,186.26746082305908,10
Mid,annotator7,cup,"['coffee', 'hand', 'ceramics', 'tarot', 'tea', 'spill', 'soup', 'bowl', 'steam', 'glow']",10,70.31241607666016,139.44035720825195,10,76.41497802734375,133.71875,10,73.57988739013672,133.29119873046875,10,22.635944366455078,177.02547454833984,19.475196838378906,180.51021194458008,19.402780532836914,180.49761962890625,18.007091522216797,181.88727951049805,21.20375633239746,178.8910255432129,20.258947372436523,179.70133590698242,24.951229095458984,176.00714111328125,17.769588470458984,182.67860794067383,10
Mid,annotator8,operand,"['actor', 'control', 'server', 'doing', 'system', 'function', 'status', 'being', 'prompt', 'features']",10,71.60659790039062,124.8380355834961,9,80.74881744384766,110.13288116455078,9,67.62916564941406,109.80378723144531,9,21.240924835205078,168.44409370422363,18.952959060668945,172.50500297546387,18.478805541992188,173.5239715576172,18.406476974487305,175.81035995483398,21.594663619995117,174.8586826324463,21.71466064453125,175.71710395812988,26.49736976623535,173.30655097961426,17.52535629272461,177.10528373718262,9
Mid,annotator8,termination,"['ending', 'closing', 'death', 'rounding', 'finishing', 'set', 'layed', 'contract', 'dismiss', 'pestiside']",10,68.90167236328125,135.49461364746094,10,77.81749725341797,118.87983703613281,10,74.9032974243164,121.00127410888672,9,22.99420166015625,180.8570671081543,21.161962509155273,181.98686599731445,21.103469848632812,181.90159606933594,19.734542846679688,182.74599075317383,22.236629486083984,180.69811248779297,21.693246841430664,181.2898235321045,23.144514083862305,180.0826473236084,18.391340255737305,184.1246795654297,10
Mid,annotator8,network,"['connection', 'wifi', 'web', 'people', 'proffesional', 'friend', 'complex', 'action', 'safety', 'knowledge']",10,72.6751937866211,140.28671264648438,10,84.65929412841797,125.04387664794922,10,78.96731567382812,132.87818908691406,10,30.446887969970703,175.22604370117188,25.8402099609375,179.26929092407227,26.044527053833008,180.0392017364502,24.600021362304688,181.65140914916992,27.50753402709961,179.33664321899414,27.018890380859375,180.18747329711914,31.001646041870117,176.02872467041016,23.970640182495117,181.74847602844238,10
Mid,annotator8,saloon,"['cafe', 'bar', 'western', 'bear', 'cowboys', 'native', 'anarcy', 'lawless', 'fights', 'dancing']",10,72.18048095703125,135.23152923583984,10,87.00350189208984,123.89344024658203,10,76.40447998046875,124.70425415039062,9,26.354867935180664,178.86585426330566,23.73503303527832,180.23333930969238,22.2492733001709,180.12862396240234,20.00004005432129,181.7990951538086,23.245296478271484,179.04869079589844,21.976354598999023,179.4434757232666,24.324542999267578,175.45282745361328,19.859766006469727,182.31546211242676,10
Mid,annotator8,anode,"['electric', 'connection', 'watt', 'ohm', 'energy', 'signal', 'puls', 'positive', 'negative', 'knot']",10,72.31726837158203,128.17993927001953,10,76.50869750976562,124.85726165771484,10,78.40921020507812,121.70204162597656,10,27.753921508789062,168.22273063659668,24.018821716308594,171.92953300476074,23.40371322631836,171.9766502380371,22.27073860168457,174.50886154174805,24.943893432617188,172.78032302856445,24.700611114501953,173.9552345275879,27.287778854370117,170.91272163391113,21.72004508972168,175.67515754699707,10
Mid,annotator8,mistake,"['error', 'wrong', 'unjust', 'action', 'hurt', 'apologize', 'accusation', 'responsibility', 'regret', 'sorry']",10,69.27731323242188,142.41883087158203,8,75.34295654296875,140.9828109741211,8,64.11466979980469,153.66375732421875,8,19.723297119140625,183.22691917419434,16.442819595336914,186.5071210861206,15.92994213104248,187.79014110565186,15.722086906433105,188.3447971343994,18.50238609313965,186.23316478729248,18.0260009765625,187.09987831115723,19.756013870239258,186.50808143615723,14.698261260986328,189.0441770553589,8
Mid,annotator8,propaganda,"['opinions', 'posters', 'influence', 'dictatorship', 'guiding', 'political', 'masses', 'control', 'fear', 'art']",10,68.0189437866211,137.83370208740234,8,80.04913330078125,129.19627380371094,8,72.3203353881836,137.84198760986328,8,19.155776977539062,181.65837860107422,17.340286254882812,183.17683029174805,16.1700496673584,184.8559741973877,15.376199722290039,186.05092906951904,18.220767974853516,183.78301429748535,17.27333641052246,184.74390506744385,20.411088943481445,182.43804359436035,15.084789276123047,186.35618114471436,8
Mid,annotator8,dust,"['filth', 'skin', 'musty', 'fiber', 'allergy', 'house', 'broom', 'vacuum', 'hair', 'dirth']",10,75.56942749023438,137.09271621704102,10,82.12968444824219,127.71013641357422,10,80.3760986328125,133.42320251464844,10,29.01981544494629,174.8138942718506,25.307065963745117,179.14120864868164,26.37152671813965,179.7526092529297,24.759872436523438,181.4585189819336,28.54742431640625,177.8352756500244,27.309328079223633,178.78233909606934,31.91121482849121,175.86138916015625,23.99806022644043,181.283447265625,10
Mid,annotator8,cup,"['mug', 'glass', 'drink', 'ceramics', 'cozy', 'sipping', 'thee', 'breast', 'bh', 'holder']",10,65.92029571533203,144.1457633972168,9,79.37364959716797,130.7865982055664,9,77.02255249023438,132.7472381591797,9,20.82908058166504,179.81414413452148,17.343395233154297,182.7111759185791,17.29393768310547,182.69563102722168,16.290517807006836,183.85533332824707,20.580652236938477,181.26344299316406,18.79732894897461,182.05194091796875,22.496124267578125,178.8996696472168,15.800246238708496,184.75886917114258,9
Mid,annotator8,norm,"['moral', 'value', 'ordinary', 'usually', 'exception', 'casual', 'median', 'everage', 'believe', 'society']",10,75.50006866455078,129.0428009033203,7,83.55284881591797,126.74776458740234,7,78.55867767333984,135.34717559814453,7,24.5899715423584,177.04241561889648,22.221433639526367,179.38615798950195,21.651094436645508,181.21149063110352,20.286348342895508,182.4175910949707,22.860565185546875,180.45389938354492,21.238386154174805,181.0815830230713,24.4055233001709,178.3348560333252,19.511898040771484,182.7590274810791,7
